threshold_name,value
leverage_q70,5.5311731016997046
activity_q70,89.2581443197962
consistency_q70,0.6874077290490664
